k,val_acc,test_acc,fit_time_s,train_time_s
2,0.5192,,1.512143611907959,0.009523630142211914
5,0.5414,,1.8177406787872314,0.017107725143432617
10,0.5636,,1.8176469802856445,0.02781987190246582
20,0.5902,,1.675765037536621,0.0020003318786621094
30,0.5824,,2.9492828845977783,0.002451658248901367
50,0.5832,,1.7825407981872559,0.003000497817993164
100,0.5786,,2.158686876296997,0.004015207290649414
